sample_name_dbs,haplotype_number,haplotype_reads,haplotype_list
M16 H00015,15,21888,"H1,H3,H4,H5,H11,H21,H26,H37,H71,H75,H143,H243,H274,H281,H311"
M14 A00018,12,19320,"H3,H4,H6,H8,H18,H21,H23,H29,H37,H41,H67,H79"
K14 A00005,4,1761,"H2,H3,H6,H15"
M09 A00057,14,11979,"H3,H4,H7,H10,H12,H23,H44,H75,H77,H129,H181,H278,H292,H341"
M07 A00008,7,5136,"H1,H3,H4,H8,H15,H21,H355"
K14 A00044,11,6127,"H3,H4,H5,H6,H21,H23,H29,H34,H37,H49,H75"
K03 H00022,4,2125,"H3,H11,H20,H23"
S04 H00033,7,2309,"H3,H4,H5,H8,H15,H57,H235"
M01 A00007,2,3182,"H103,H374"
K01 A00010,11,10576,"H1,H3,H4,H7,H8,H15,H22,H23,H29,H34,H37"
M05 H00025,16,27731,"H1,H3,H4,H6,H7,H11,H18,H21,H23,H26,H29,H34,H37,H129,H209,H224"
M14 A00009,2,5729,"H10,H342"
S11 A00002,9,3665,"H3,H4,H5,H6,H13,H16,H18,H25,H49"
M09 A00055,9,9164,"H3,H4,H8,H29,H39,H59,H150,H226,H376"
M07 A00010,12,9343,"H1,H3,H4,H8,H22,H34,H37,H51,H57,H349,H419,H440"
K14 H00046,2,526,"H9,H18"
M15 H00094,10,5744,"H2,H3,H5,H6,H9,H13,H35,H41,H97,H427"
M15 H00019,6,2259,"H4,H12,H16,H24,H44,H96"
M12 H00010,2,688,"H3,H13"
M04 H00022,2,1559,"H16,H314"
M06 A00015,3,824,"H15,H97,H441"
M14 H00026,11,13189,"H1,H3,H4,H7,H8,H15,H21,H22,H23,H29,H37"
M14 H00009,4,8860,"H3,H10,H22,H178"
S04 A00004,7,2964,"H2,H3,H4,H6,H12,H13,H16"
M06 H00034,1,1673,H186
M07 H00015,3,5340,"H3,H22,H348"
M15 A00086,4,2154,"H3,H10,H16,H29"
S06 H00022,2,555,"H6,H18"
M15 A00037,6,2238,"H2,H4,H6,H19,H21,H72"
M13 H00030,2,793,"H3,H5"
M04 A00022,1,1645,H33
M06 H00015,3,7270,"H11,H15,H182"
K01 H00001,14,32803,"H4,H6,H7,H8,H9,H21,H28,H29,H37,H41,H64,H67,H71,H233"
M14 A00022,4,6672,"H4,H8,H152,H431"
K14 H00034,15,11390,"H3,H4,H5,H6,H7,H11,H12,H13,H15,H16,H21,H23,H24,H25,H41"
M13 A00004,15,9959,"H2,H3,H4,H5,H11,H12,H13,H15,H16,H25,H31,H32,H41,H44,H65"
M06 A00034,7,9558,"H3,H6,H21,H22,H184,H294,H334"
K07 A00049,1,269,H16
M15 A00039,2,1203,"H2,H24"
M13 A00030,6,1912,"H6,H21,H29,H86,H451,H452"
M04 H00013,3,8531,"H3,H8,H11"
M01 A00012,6,17090,"H7,H12,H13,H15,H23,H36"
K01 H00012,3,15219,"H4,H10,H22"
M14 H00001,15,11952,"H1,H3,H4,H7,H8,H21,H23,H31,H35,H37,H39,H367,H368,H369,H403"
K14 A00003,12,15703,"H2,H3,H4,H5,H6,H7,H11,H12,H13,H16,H25,H33"
M13 A00003,15,6776,"H2,H3,H4,H5,H6,H11,H12,H13,H16,H19,H23,H24,H25,H31,H33"
M06 A00037,13,12730,"H3,H4,H7,H8,H23,H34,H37,H41,H67,H71,H77,H79,H254"
M06 H00040,8,9684,"H3,H10,H21,H25,H31,H100,H325,H354"
M16 A00028,2,2060,"H3,H15"
S04 H00035,2,742,"H5,H134"
M15 H00036,9,3624,"H2,H3,H4,H7,H12,H13,H19,H32,H45"
M13 A00017,10,5394,"H2,H3,H4,H5,H6,H11,H13,H24,H25,H38"
M01 H00007,2,6528,"H3,H25"
K01 A00006,12,13302,"H1,H3,H4,H7,H8,H12,H21,H22,H23,H29,H37,H57"
M14 A00003,7,9236,"H3,H4,H34,H37,H47,H280,H343"
K14 H00003,13,7166,"H2,H3,H4,H6,H7,H13,H18,H20,H29,H30,H425,H429,H450"
M13 H00003,4,1770,"H2,H3,H4,H10"
M07 A00011,1,6335,H93
M06 A00039,2,4120,"H1,H4"
M16 H00028,6,7091,"H2,H3,H13,H16,H49,H110"
S04 A00033,1,857,H20
M15 A00036,10,4604,"H1,H2,H3,H5,H6,H8,H25,H34,H38,H88"
M13 A00028,4,1336,"H2,H7,H37,H435"
M01 A00035,10,13899,"H4,H7,H23,H25,H37,H38,H40,H57,H74,H313"
M06 A00016,5,7487,"H4,H33,H40,H339,H359"
K01 A00012,4,6938,"H8,H19,H22,H163"
M14 A00006,13,8478,"H1,H3,H4,H7,H11,H21,H26,H37,H41,H401,H404,H428,H430"
K14 H00006,9,3949,"H3,H4,H5,H12,H13,H16,H18,H24,H41"
M07 A00007,11,10420,"H3,H6,H7,H8,H12,H21,H29,H37,H41,H85,H92"
K14 H00044,1,381,H5
S04 H00029,9,7308,"H2,H7,H21,H29,H37,H40,H86,H87,H383"
M12 A00010,1,1095,H104
M04 A00019,8,5893,"H3,H4,H5,H11,H12,H38,H49,H335"
K01 A00011,12,10023,"H1,H3,H4,H7,H8,H10,H11,H21,H26,H29,H37,H57"
M14 A00008,8,21018,"H2,H3,H4,H37,H85,H137,H174,H193"
K14 A00020,11,4573,"H2,H3,H4,H5,H6,H7,H11,H13,H16,H25,H41"
M07 A00017,6,22470,"H3,H8,H10,H59,H71,H225"
M15 H00079,1,269,H28
M15 H00025,12,8828,"H3,H4,H5,H6,H12,H13,H16,H24,H40,H41,H55,H118"
M13 H00021,3,2098,"H2,H16,H72"
M01 A00034,1,1145,H23
K01 H00010,2,10687,"H29,H105"
M06 H00018,7,3691,"H3,H8,H11,H15,H21,H33,H264"
M09 A00075,12,36898,"H4,H5,H8,H19,H22,H23,H37,H75,H77,H109,H139,H211"
K14 A00039,3,17983,"H2,H4,H5"
M13 H00004,8,2979,"H3,H4,H5,H11,H12,H15,H33,H36"
K01 A00013,12,14662,"H1,H3,H4,H5,H7,H8,H10,H21,H22,H23,H29,H37"
M07 A00125,4,1456,"H3,H7,H37,H194"
M07 A00103,11,8538,"H2,H6,H7,H8,H15,H21,H23,H29,H37,H75,H77"
S01 A00004,8,12221,"H1,H3,H4,H21,H23,H29,H194,H234"
M06 A00019,15,14394,"H3,H8,H11,H21,H22,H25,H29,H33,H37,H39,H47,H65,H107,H297,H337"
M01 A00031,4,30128,"H4,H8,H38,H89"
M06 A00008,1,556,H6
M06 A00040,2,8043,"H7,H21"
M09 H00071,4,10872,"H3,H4,H6,H29"
K14 A00043,1,4025,H4
M13 H00002,3,855,"H2,H3,H44"
M13 A00001,5,2159,"H1,H2,H4,H6,H37"
S04 A00020,2,10356,"H5,H8"
M07 H00125,3,1502,"H21,H29,H389"
M07 H00100,16,18987,"H1,H3,H4,H10,H12,H14,H21,H29,H34,H67,H79,H103,H171,H289,H318,H331"
S01 H00006,11,20863,"H4,H7,H8,H18,H21,H22,H44,H228,H284,H295,H296"
M06 A00024,13,20588,"H3,H10,H11,H13,H15,H22,H23,H33,H37,H65,H253,H257,H315"
M04 A00010,15,7642,"H2,H3,H4,H5,H6,H7,H8,H11,H12,H13,H16,H18,H25,H41,H44"
M06 H00008,4,5415,"H2,H3,H97,H350"
M06 H00041,3,11071,"H4,H26,H122"
M09 A00078,9,16649,"H3,H4,H7,H17,H19,H21,H25,H190,H302"
K14 A00038,6,10425,"H3,H4,H111,H173,H216,H353"
S08 A00002,12,4681,"H2,H3,H4,H5,H6,H11,H13,H21,H25,H30,H41,H44"
M15 A00050,11,5156,"H2,H3,H4,H5,H6,H7,H11,H12,H13,H16,H21"
S02 A00009,5,2332,"H2,H9,H14,H25,H153"
M07 A00140,4,19128,"H1,H4,H29,H95"
M07 H00137,13,23945,"H1,H3,H4,H8,H10,H19,H23,H82,H84,H189,H192,H244,H283"
M07 H00004,5,29799,"H3,H4,H11,H23,H39"
M06 A00023,14,30778,"H14,H15,H21,H23,H29,H33,H38,H76,H84,H166,H213,H214,H240,H258"
M04 A00014,5,21820,"H13,H19,H21,H33,H38"
K07 H00010,5,2479,"H5,H6,H8,H41,H69"
M06 A00041,3,1686,"H4,H143,H412"
M09 H00065,5,9527,"H4,H15,H41,H47,H162"
K14 A00037,13,30428,"H3,H4,H6,H7,H8,H10,H11,H21,H22,H29,H37,H84,H237"
M13 A00002,10,3634,"H2,H3,H4,H5,H6,H11,H13,H16,H23,H87"
M16 A00015,1,459,H4
M07 A00137,10,5047,"H2,H3,H4,H7,H10,H13,H21,H25,H26,H37"
M04 H00003,9,23349,"H3,H4,H5,H21,H114,H147,H202,H205,H279"
M09 A00030,3,1125,"H3,H16,H90"
M06 A00021,10,9546,"H4,H8,H10,H11,H12,H15,H21,H33,H38,H74"
K07 A00010,7,2751,"H3,H6,H13,H16,H35,H59,H72"
M09 H00044,17,22661,"H1,H3,H6,H7,H8,H18,H29,H37,H41,H47,H79,H85,H155,H191,H276,H304,H312"
M09 A00061,2,9607,"H7,H35"
M05 A00022,13,22518,"H1,H3,H4,H6,H7,H8,H21,H22,H23,H29,H37,H71,H84"
S01 H00007,7,2734,"H2,H3,H5,H6,H12,H13,H16"
M16 A00022,15,29787,"H2,H4,H6,H7,H9,H11,H18,H21,H29,H155,H167,H204,H210,H227,H232"
M07 A00120,10,11141,"H3,H4,H8,H21,H29,H41,H67,H171,H222,H282"
M04 H00004,12,12705,"H3,H4,H7,H8,H21,H22,H23,H59,H303,H316,H317,H357"
M06 A00045,3,2158,"H37,H65,H134"
M01 A00016,16,10778,"H1,H3,H4,H14,H18,H19,H21,H35,H47,H51,H59,H65,H191,H391,H399,H415"
M01 H00009,13,6915,"H1,H2,H3,H4,H8,H14,H15,H42,H143,H287,H363,H364,H426"
M09 H00079,5,13469,"H3,H7,H108,H142,H160"
M09 A00044,1,3528,H26
M07 H00131,11,32928,"H1,H3,H4,H8,H11,H21,H23,H29,H37,H45,H229"
M15 A00052,10,3848,"H3,H4,H6,H7,H9,H11,H12,H13,H16,H19"
M16 H00022,13,17512,"H1,H3,H4,H21,H22,H29,H55,H67,H120,H165,H198,H241,H299"
M15 H00013,1,349,H3
M07 A00126,9,9336,"H4,H10,H21,H22,H23,H29,H37,H223,H271"
K02 H00006,9,25957,"H1,H4,H5,H8,H21,H23,H67,H108,H230"
M09 H00024,8,3522,"H2,H3,H4,H6,H7,H12,H13,H44"
M01 A00027,13,10067,"H2,H3,H4,H5,H6,H7,H11,H12,H13,H16,H25,H41,H44"
M09 A00011,10,4801,"H2,H3,H4,H5,H6,H7,H8,H21,H22,H29"
M09 H00045,6,13212,"H4,H29,H86,H114,H208,H255"
M09 A00079,5,21328,"H3,H4,H29,H57,H99"
S11 H00002,2,623,"H6,H16"
M15 H00068,1,5839,H47
M09 A00065,13,7989,"H3,H4,H5,H8,H12,H15,H19,H21,H22,H23,H25,H29,H37"
K02 A00005,3,6477,"H3,H112,H212"
M01 H00026,12,17088,"H3,H6,H14,H23,H29,H37,H40,H92,H246,H252,H321,H346"
M01 A00014,8,9933,"H4,H15,H19,H33,H38,H51,H65,H76"
M09 A00045,17,34022,"H1,H3,H4,H7,H8,H15,H21,H22,H29,H34,H41,H44,H92,H161,H169,H176,H177"
M09 A00046,5,14068,"H4,H23,H29,H82,H378"
M15 H00052,7,2821,"H2,H3,H4,H5,H6,H13,H16"
K01 H00013,14,10963,"H1,H3,H4,H6,H22,H23,H24,H34,H37,H212,H332,H344,H366,H393"
M07 A00110,11,33130,"H1,H3,H4,H7,H8,H10,H21,H22,H23,H29,H37"
M07 A00001,5,11840,"H4,H10,H50,H133,H144"
M04 H00021,2,2334,"H6,H154"
M01 H00010,2,1694,"H5,H13"
M09 A00012,8,3876,"H4,H20,H39,H58,H125,H326,H453,H457"
K02 H00026,6,2392,"H3,H4,H5,H11,H12,H16"
M09 A00037,2,23099,"H16,H31"
K14 A00019,16,12713,"H2,H3,H4,H5,H6,H7,H9,H11,H12,H13,H16,H19,H24,H25,H41,H44"
K14 H00020,16,14249,"H2,H3,H4,H6,H7,H13,H21,H22,H23,H27,H29,H33,H38,H51,H55,H96"
M16 A00029,2,1714,"H3,H29"
M15 A00049,2,688,"H9,H16"
M13 A00009,4,2009,"H3,H20,H141,H146"
S02 H00009,1,1382,H17
M09 A00008,3,1275,"H4,H12,H21"
M09 A00036,10,11926,"H4,H5,H6,H7,H12,H14,H24,H25,H28,H45"
M09 H00035,11,6895,"H2,H3,H4,H6,H12,H13,H19,H20,H29,H72,H87"
K07 A00003,11,24148,"H3,H4,H5,H7,H9,H13,H18,H25,H32,H41,H49"
K14 A00004,14,6736,"H2,H3,H5,H6,H7,H8,H13,H16,H20,H25,H31,H153,H424,H432"
M15 H00089,1,9964,H24
M16 H00023,1,335,H5
M13 A00010,7,2712,"H6,H7,H21,H26,H33,H42,H90"
M15 A00028,6,2469,"H5,H14,H30,H69,H141,H153"
K14 H00021,8,2976,"H4,H15,H24,H25,H32,H38,H44,H409"
S04 A00003,10,6315,"H1,H2,H3,H9,H12,H23,H28,H32,H74,H88"
M09 A00018,13,11033,"H2,H3,H4,H5,H12,H13,H16,H18,H32,H38,H49,H65,H411"
M09 H00039,2,615,"H16,H41"
M09 H00036,10,5657,"H4,H7,H9,H11,H12,H18,H25,H75,H77,H446"
M09 H00026,9,26001,"H2,H4,H11,H31,H32,H33,H41,H87,H185"
K14 H00004,10,30840,"H2,H3,H4,H5,H9,H13,H18,H21,H51,H123"
M05 H00033,12,16580,"H2,H3,H4,H5,H6,H16,H23,H24,H30,H32,H41,H96"
M15 H00093,9,5707,"H1,H3,H5,H6,H16,H19,H23,H254,H406"
K14 A00021,1,380,H87
S04 H00003,3,3490,"H4,H38,H49"
K02 H00024,13,5898,"H1,H2,H3,H4,H6,H7,H12,H21,H23,H29,H33,H37,H67"
M09 A00038,13,10880,"H2,H3,H4,H5,H6,H7,H9,H11,H12,H13,H16,H41,H72"
M09 A00039,19,13329,"H3,H4,H8,H11,H12,H16,H19,H23,H37,H71,H79,H128,H192,H290,H333,H382,H394,H395,H408"
M09 H00038,11,16749,"H2,H3,H4,H9,H11,H35,H44,H69,H72,H109,H164"
K14 H00005,8,14777,"H2,H3,H4,H23,H44,H65,H111,H260"
M05 A00037,16,15033,"H2,H3,H5,H7,H11,H13,H19,H22,H26,H36,H44,H51,H76,H148,H262,H269"
K14 A00046,7,4154,"H4,H5,H8,H11,H29,H75,H139"
M13 A00012,1,897,H45
M07 H00005,1,5150,H2
M15 A00026,6,4217,"H8,H38,H41,H63,H340,H396"
S04 A00012,10,5279,"H3,H6,H7,H10,H12,H25,H31,H37,H41,H49"
K02 A00024,13,10898,"H2,H3,H4,H5,H9,H13,H21,H25,H26,H41,H88,H301,H398"
M09 A00006,9,4945,"H4,H11,H12,H13,H18,H55,H375,H438,H448"
M09 A00035,4,5736,"H4,H15,H19,H51"
M09 A00023,16,21964,"H2,H3,H4,H5,H9,H11,H19,H22,H25,H29,H32,H41,H44,H69,H76,H96"
K14 A00024,11,15833,"H7,H8,H12,H16,H18,H23,H25,H29,H33,H40,H206"
M16 A00032,15,8439,"H1,H4,H6,H7,H12,H15,H18,H23,H24,H32,H44,H69,H72,H236,H410"
M16 H00024,3,1310,"H2,H4,H15"
M15 H00005,2,3777,"H3,H110"
M15 A00002,7,6864,"H1,H4,H7,H8,H11,H14,H21"
K05 A00006,5,1954,"H3,H4,H8,H18,H37"
M15 A00060,5,15802,"H2,H4,H5,H6,H88"
S08 A00007,6,4555,"H3,H6,H7,H96,H293,H300"
K11 A00008,1,391,H4
M09 A00002,10,6908,"H3,H4,H12,H13,H19,H21,H23,H36,H92,H236"
M09 H00040,4,1299,"H12,H18,H30,H55"
K07 H00003,7,16052,"H4,H25,H29,H37,H41,H131,H351"
K14 H00016,18,19404,"H1,H2,H6,H7,H12,H13,H15,H16,H20,H32,H34,H36,H49,H58,H85,H94,H118,H175"
M07 A00176,8,12421,"H1,H3,H4,H7,H13,H44,H113,H118"
M13 H00007,1,601,H23
M13 A00007,20,10014,"H1,H6,H7,H11,H12,H13,H21,H22,H23,H24,H37,H38,H40,H58,H72,H96,H124,H154,H418,H434"
K14 A00029,9,2976,"H2,H3,H5,H6,H7,H9,H16,H41,H44"
M04 A00002,2,3933,"H25,H53"
M15 A00058,5,2903,"H4,H8,H21,H35,H420"
M15 H00090,11,3869,"H2,H3,H4,H11,H13,H22,H29,H30,H39,H436,H455"
K05 A00015,10,17797,"H3,H4,H6,H7,H8,H12,H13,H16,H21,H67"
M09 A00040,8,3381,"H2,H5,H8,H12,H20,H49,H69,H443"
M09 A00024,11,21050,"H3,H4,H7,H8,H11,H21,H22,H23,H29,H34,H37"
K14 A00034,16,15921,"H1,H2,H3,H4,H5,H6,H7,H9,H11,H12,H13,H16,H24,H44,H65,H76"
K14 A00022,4,14099,"H2,H12,H21,H33"
M13 H00012,1,273,H449
K05 H00006,5,28745,"H1,H8,H12,H21,H29"
K02 A00026,10,8021,"H2,H4,H5,H6,H11,H16,H32,H69,H125,H196"
M09 A00026,9,3638,"H2,H3,H4,H5,H6,H12,H13,H19,H24"
M09 A00017,11,20672,"H3,H6,H8,H9,H14,H16,H25,H28,H41,H44,H72"
K14 A00016,18,24532,"H2,H4,H6,H7,H11,H16,H18,H24,H25,H33,H41,H44,H45,H46,H175,H220,H285,H291"
M15 A00045,1,1700,H1
M15 A00005,2,1557,"H44,H69"
K12 H00012,6,4231,"H3,H8,H11,H16,H23,H387"
M05 H00037,1,326,H29
S02 H00014,1,285,H445
M09 A00108,4,1878,"H9,H13,H32,H38"
M14 A00070,2,980,"H18,H402"
M16 H00032,7,3867,"H3,H7,H16,H36,H45,H96,H433"
S01 H00032,8,2881,"H2,H4,H7,H15,H16,H19,H21,H30"
M15 H00017,4,1279,"H3,H6,H16,H33"
M05 H00036,9,6480,"H2,H3,H5,H6,H7,H12,H13,H16,H30"
M16 A00024,2,733,"H5,H29"
S01 H00026,4,4797,"H15,H24,H51,H90"
M12 A00013,1,649,H2
M09 H00103,3,1699,"H2,H5,H13"
K04 A00005,14,7980,"H3,H4,H6,H8,H16,H18,H19,H23,H41,H90,H128,H141,H308,H416"
S01 A00045,1,967,H266
M09 H00095,1,530,H15
K13 H00022,3,2010,"H38,H40,H414"
K04 H00005,5,2109,"H1,H11,H24,H88,H103"
M07 H00154,1,1811,H3
M15 A00089,11,10942,"H2,H3,H4,H5,H12,H13,H16,H21,H23,H25,H37"
M16 A00023,3,1206,"H2,H5,H8"
S02 A00010,12,6699,"H2,H3,H4,H7,H12,H14,H16,H25,H41,H55,H405,H444"
M15 A00091,1,669,H146
S01 A00036,1,402,H53
M15 A00017,5,2486,"H6,H12,H29,H42,H69"
K13 A00022,1,1094,H245
S01 A00043,1,1722,H179
M15 A00035,2,3210,"H3,H42"
M09 H00108,2,2160,"H30,H51"
M14-130717-3,2,969,"H6,H9"
K01-120617-5,2,4877,"H5,H74"
K01-120617-7,5,5769,"H12,H13,H15,H35,H49"
K01-120617-8,3,9201,"H5,H6,H22"
K01-200617-5-R,3,7470,"H2,H5,H74"
K01-200617-6-R,1,10342,H12
K01-120617-4-R,5,3717,"H2,H10,H22,H28,H55"
K01-071217-7,4,7361,"H5,H8,H14,H25"
M14-140917-5,3,7646,"H5,H8,H47"
M14-170817-3,1,10004,H18
M14-250717-2-R,1,11374,H12
M14-210617-5-R,1,6901,H2
K14-051017-4,3,8938,"H16,H20,H41"
K05-030817-1,2,2169,"H1,H13"
K05-120617-5,1,11098,H32
K05-300617-3-R,1,12759,H2
K05-060717-5,2,12159,"H2,H27"
M13-170817-7,1,10566,H10
M13-170817-1,2,4948,"H3,H25"
M13-170817-14,2,7874,"H12,H17"
M13-231017-13-R,3,9857,"H11,H21,H101"
M13-031117-7-R,1,9537,H63
M13-250717-4-R,1,10505,H19
M13-300617-2-R,2,9064,"H8,H12"
M05-170817-2,1,15184,H3
M05-170817-5,1,364,H17
M05-130717-4,1,7001,H13
M01-091117-6,3,7623,"H5,H8,H9"
M01-211117-6-R,3,5976,"H5,H8,H14"
M01-050917-3-R,2,4425,"H36,H40"
M01-110717-5-R,3,8017,"H2,H16,H30"
M01-140917-6,1,9322,H9
M01-130717-6,3,9642,"H12,H16,H36"
M01-130617-3,2,11444,"H3,H5"
M01-130617-5,3,6924,"H8,H23,H70"
M01-130617-7,2,8132,"H8,H13"
M01-170817-6,10,6471,"H1,H5,H8,H12,H19,H24,H25,H34,H39,H74"
M15-010817-4-R,5,3220,"H1,H2,H8,H10,H12"
M15-311017-6-R,1,8997,H57
M15-121017-2,2,6651,"H8,H15"
M15-130717-1,1,4970,H12
M15-130717-2,1,14057,H8
M15-130717-4,1,10476,H24
M15-170817-2,2,8098,"H8,H15"
M15-170817-5,7,7357,"H5,H8,H10,H12,H13,H52,H437"
M15-140917-2,1,18952,H11
M15-140917-5,5,7859,"H5,H12,H13,H19,H104"
S02-170617-3-R,2,11473,"H19,H43"
S02-110817-2-R,2,16195,"H3,H46"
S02-120717-3-R,3,15858,"H6,H24,H25"
S02-110817-4-R,7,8952,"H3,H11,H12,H13,H15,H24,H121"
S02-120717-5-R,1,21193,H20
S02-180717-7-R,1,11295,H2
S03-200717-4,2,11166,"H5,H44"
S03-240817-1,1,10540,H3
S03-240817-4,2,850,"H1,H4"
S03-210917-3,1,10637,H17
S09-240817-6,1,13504,H11
S06-200717-1,4,2835,"H1,H2,H14,H40"
S09-120717-3-R,2,8679,"H7,H54"
S09-020817-9-R,2,8844,"H13,H54"
S06-161117-5,1,17715,H14
S06-161117-6,1,6981,H27
M09-140917-3,2,11268,"H20,H46"
M09-140917-4,2,5138,"H9,H20"
M09-091117-3,6,9440,"H2,H8,H10,H14,H20,H46"
M09-091117-5,1,6572,H10
M09-170817-2,3,1790,"H12,H31,H310"
M09-170817-3,3,10062,"H5,H19,H25"
M09-121017-3,1,7760,H28
M06-130617-1,1,3391,H1
M06-130617-2,2,4005,"H2,H11"
M06-130617-3,5,8093,"H5,H6,H8,H16,H18"
M06-170817-2,3,7442,"H3,H7,H13"
M06-170817-3,3,7263,"H2,H5,H19"
M06-170817-4,5,7368,"H4,H5,H17,H45,H79"
M06-140917-4,5,8149,"H39,H53,H57,H59,H330"
M06-121017-1,2,10305,"H2,H12"
M06-121017-4,7,3752,"H5,H7,H9,H11,H57,H59,H79"
M06-091117-4,1,19344,H9
M06-091117-5,2,4700,"H19,H83"
M06-240817-3-R,1,11347,H9
M06-130617-4-R,11,9358,"H5,H6,H7,H8,H12,H13,H20,H28,H39,H45,H49"
S06-140617-1,4,16371,"H15,H33,H36,H54"
S06-140617-5,1,8668,H4
S06-140617-6,4,3864,"H1,H4,H6,H24"
S09-200717-4,2,8524,"H7,H54"
S09-200717-5,1,12999,H25
S09-200717-9,2,8135,"H13,H54"
S06-180917-5-R,1,9372,H52
M16-121017-2,2,8494,"H13,H17"
M16-140917-2,3,11453,"H4,H16,H17"
M16-201117-2-R,2,9312,"H1,H2"
S07-210917-6,1,2918,H9
M07-130617-1,1,5955,H1
S07-011117-1-R,2,12802,"H13,H16"
S07-200617-6-R,1,16388,H15
M07-121017-1,1,5769,H9
M07-130717-1,1,9420,H42
S12-290917-2-R,1,13268,H53
M03-130717-3,1,12907,H1
S04-211217-4,1,3492,H2
S04-211217-6,1,7018,H36
S04-211217-8,1,6052,H2
S08-211217-3,1,8041,H51
S08-211217-6,1,4507,H78
S10-211217-2,4,6361,"H2,H6,H12,H22"
S10-211217-4,4,8988,"H2,H6,H22,H27"
S07-211217-3,1,9898,H1
K10-220118-2-R,3,8917,"H7,H14,H23"
K05-230318-4-R,1,8647,H25
K12-170118-3-R,1,13578,H6
K05-080318-1,1,11371,H1
K01-060418-6,1,6412,H1
K01-060418-7,1,12646,H1
K01-080318-1,1,3575,H1
K01-080318-3,1,5492,H1
K01-080318-6,1,10354,H1
K01-080318-7,4,6332,"H7,H14,H23,H25"
K09-080318-2,1,12415,H1
K09-080318-8,1,8488,H1
K03-080318-1,1,13908,H1
K03-080318-2,1,6767,H1
K07-060418-2,2,15241,"H1,H12"
K07-060418-4,1,7928,H1
K07-060418-5,1,9366,H1
K07-060418-6,1,13747,H1
K07-060418-8,1,10483,H1
K02-060418-5,2,7078,"H9,H58"
S01-250118-3,1,24620,H1
S01-250118-8,1,14501,H1
S04-220318-6,1,15433,H1
S04-220318-8,1,14064,H13
S01-220318-5,2,7997,"H6,H7"
S11-220318-9,1,19139,H1
K02-080318-7,7,10256,"H1,H2,H5,H9,H16,H50,H107"
S07-220318-1,1,10664,H1
S07-220318-2,1,11986,H1
S07-220318-3,1,23751,H1
S07-220318-5,1,420,H1
S02-220318-2,1,9261,H1
S02-220318-3,1,11542,H1
S02-220318-5,1,16250,H1
K04-080318-1,1,14104,H1
K04-080318-2,1,12430,H1
K04-080318-3,1,13913,H1
S13-220318-2,1,8361,H1
S13-220318-3,1,6338,H1
K07-080318-1,1,9235,H1
K07-080318-5,1,6867,H1
K07-080318-6,1,2107,H1
S04-250118-8,3,10536,"H2,H34,H104"
K01-110118-7,5,6270,"H5,H7,H8,H14,H25"
M16-280318-5-R,1,9437,H64
M01-090118-5-R,1,2388,H73
M04-120218-3-R,1,14870,H4
M06-220318-4-R,2,12336,"H5,H14"
M06-130218-3-R,1,12204,H40
S01-190418-7,1,7786,H10
S06-190418-1,1,5916,H55
S06-190418-6,1,2868,H33
S05-190418-5,1,10412,H3
S04-190418-2,4,9637,"H3,H36,H168,H180"
S04-190418-7,2,11497,"H2,H39"
M09-100518-2,1,6011,H6
M09-100518-3,1,5144,H4
M16-120418-5,1,4001,H2
M09-120418-2,1,6918,H48
M09-120418-3,2,2490,"H8,H48"
M14-100518-5,1,14849,H6
M09-120418-5,1,9062,H46
M15-100518-5,3,3723,"H6,H30,H64"
M05-120418-4,1,1956,H31
M13-120418-15,1,2545,H1
M16-120418-3,1,14452,H2
M01-120718-6,3,7703,"H18,H69,H263"
S04-150218-8,2,1383,"H2,H32"
S04-210917-3,1,1193,H10
S04-200717-7,3,5197,"H4,H7,H38"
S04-200717-8,1,10032,H2
S04-210917-8,3,2605,"H2,H3,H15"
K04-240717-2-R,1,11814,H8
S01-140617-2,1,15518,H2
S01-200717-5,1,5928,H10
K10-120617-2,1,5685,H5
S10-011117-5-R,1,6113,H20
S10-170617-5-R,1,11615,H15
S10-050717-2-R,2,12058,"H20,H32"
K12-060717-2,3,2433,"H2,H39,H40"
K12-051017-2,2,1307,"H7,H39"
K12-030817-2,2,2237,"H2,H39"
S10-050717-6-R,1,6083,H6
S10-050717-7-R,1,1515,H13
K12-170717-3-R,1,7280,H22
S10-250717-3-R,1,17688,H2
S10-170717-5-R,3,14911,"H2,H22,H127"
M04-170817-1,2,3793,"H7,H46"
M04-121017-1,1,6831,H45
M04-280617-3-R,1,16212,H24
S08-240817-7,1,3912,H21
S08-191017-7,1,1920,H10
K02-120617-2,2,9292,"H9,H11"
K02-070917-5,1,1398,H5
S11-221117-7-R,1,3277,H4
K02-070917-7,1,2487,H13
S11-170717-5-R,1,8026,H20
K02-120617-4,3,9650,"H2,H7,H59"
K02-120617-5,3,7136,"H4,H7,H28"
S11-161117-7,1,8145,H4
S08-200717-7,1,2336,H11
K02-120617-7,3,9153,"H13,H31,H107"
S08-191017-3,1,395,H51
M09-080218-2,1,7087,H10
M09-080218-3,4,5792,"H2,H14,H25,H28"
M12-130617-4,1,13082,H15
M12-100717-5-R,1,28514,H34
K02-071217-5,2,3345,"H4,H5"
M09-080218-4,2,7059,"H9,H20"
K02-060717-5,5,5837,"H5,H7,H9,H28,H58"
M12-121017-1,1,4749,H5
K02-051017-4,1,599,H11
M12-091117-1,2,2776,"H5,H19"
K02-060717-7,4,2625,"H2,H3,H16,H44"
K02-051017-5,3,2811,"H3,H5,H28"
K02-051017-7,3,6418,"H9,H50,H107"
M09-150318-2,1,10951,H48
M09-150318-3,1,9723,H48
M04-080218-3,1,5363,H4
S04-191017-2,1,464,H3
S04-170617-3-R,1,360,H2
M09-140618-3,2,3423,"H2,H46"
S04-240817-6,1,10573,H10
S04-240817-8,4,9193,"H2,H15,H32,H34"
S05-210617-5-R,4,7806,"H3,H5,H6,H18"
S04-290617-6-R,3,9453,"H2,H9,H47"
K03-220917-5-R,1,16997,H62
S05-210617-6-R,3,2613,"H4,H11,H18"
S04-290617-7-R,1,13661,H1
S04-191017-8,3,2444,"H2,H15,H34"
S05-310817-2-R,3,9714,"H1,H19,H33"
M16-070518-6-R,3,8980,"H3,H7,H36"
M05-140618-4,4,1909,"H16,H21,H30,H80"
K11-050718-4,4,9382,"H2,H6,H16,H31"
M05-060418-2-R,1,13369,H31
K05-050718-3,2,21401,"H4,H9"
K11-050718-5,3,3630,"H2,H6,H31"
K14-050718-1,2,833,"H2,H6"
M14-040618-4-R,3,10454,"H2,H16,H97"
K09-050718-1,4,3252,"H2,H6,H16,H31"
M14-270418-1-R,1,7804,H15
M05-140618-6,2,2992,"H23,H36"
M01-100718-7-R,1,1563,H19
K14-050718-5,1,4377,H6
M09-140518-2-R,1,16629,H6
K09-050718-2,2,17067,"H2,H6"
K13-050718-1,1,3403,H6
K05-050718-5,1,5865,H6
M05-260618-4-R,2,1684,"H16,H80"
K01-210817-5-R,3,7617,"H5,H15,H124"
S13-090418-1-R,1,7395,H12
S09-110418-6-R,2,9422,"H2,H20"
S01-170518-8,4,7037,"H2,H7,H16,H19"
S10-110418-3-R,2,5253,"H12,H24"
S01-170518-10,3,6285,"H2,H7,H16"
K01-080717-3-R,1,10905,H28
S10-110418-4-R,2,10213,"H12,H24"
K01-080717-5-R,3,7726,"H10,H16,H22"
K01-060717-7,3,7513,"H8,H12,H14"
S08-170518-8,1,14280,H50
S05-270618-3-R,1,3921,H3
K04-250618-3-R,1,5357,H2
K07-300418-8-R,1,14441,H2
K01-030817-8,3,6482,"H3,H13,H14"
S01-210618-5,2,4138,"H5,H22"
K10-120418-2-R,3,7005,"H2,H5,H33"
K09-160718-1-R,3,5641,"H2,H5,H33"
S01-210618-8,2,7639,"H6,H19"
K01-110717-9-R,3,4137,"H5,H9,H41"
S06-210618-6,1,6243,H6
K01-250718-4-R,3,6444,"H2,H5,H33"
S05-210618-5,4,10650,"H8,H21,H67,H75"
K01-030817-4,2,7543,"H10,H22"
K10-100418-4-R,3,8074,"H2,H5,H33"
K01-060717-3,2,13283,"H13,H28"
K12-230518-3-R,3,9189,"H2,H31,H183"
K01-250718-3-R,1,14882,H9
K01-060717-4,4,8811,"H10,H16,H22,H28"
K14-180618-4-R,6,4131,"H5,H13,H27,H41,H55,H101"
K05-100518-4-R,1,12007,H56
K02-050718-5,1,5619,H11
K02-070618-5,3,4603,"H4,H11,H28"
S04-190718-8,5,6215,"H2,H13,H15,H34,H81"
M16-030518-5-R,1,5430,H9
K02-040518-5,2,9947,"H49,H58"
K05-040518-4,1,9558,H56
K05-040518-5,3,5972,"H2,H6,H18"
S01-190718-10,1,9436,H66
K01-060717-8,5,6761,"H5,H7,H13,H16,H22"
K14-040518-4,7,4640,"H1,H6,H13,H38,H44,H53,H101"
S04-210618-7,2,7739,"H2,H39"
K10-040518-3,1,15173,H5
M06-080218-3,1,11537,H40
K02-010218-5,1,10614,H58
K05-010218-6,1,10980,H4
M05-150318-6,2,7841,"H6,H94"
K14-010218-4,3,11767,"H5,H35,H101"
M06-180118-2,1,16217,H7
K12-110118-3,1,9903,H6
M15-180118-2,2,10895,"H8,H11"
M09-180118-2,1,12952,H10
M09-180118-3,7,6861,"H2,H5,H8,H19,H25,H28,H46"
M09-180118-4,1,11718,H9
M16-180118-3,1,7444,H4
K01-030817-7,2,11244,"H7,H8"
S04-191017-1,1,16674,H1
K01-030817-3,3,7416,"H8,H22,H195"
K01 A00022,1,487,H145
K01 A00043,7,3025,"H1,H7,H8,H10,H18,H360,H370"
K01 H00023,2,1844,"H12,H19"
K01 A00016,4,1373,"H1,H10,H24,H259"
K01 A00021,4,8567,"H1,H45,H238,H256"
K01 A00023,1,454,H28
K02 A00025,3,909,"H7,H10,H20"
K01 A00028,5,1498,"H1,H5,H37,H121,H372"
K01 A00035,1,297,H2
K01 A00036,1,322,H5
K01 A00038,2,4803,"H7,H8"
K01 A00039,1,527,H10
K01 A00040,8,3384,"H7,H8,H12,H14,H49,H53,H327,H439"
K01 A00041,7,3854,"H1,H2,H3,H5,H7,H12,H13"
K01 H00016,2,882,"H13,H218"
K01 H00017,9,8546,"H3,H9,H11,H12,H22,H28,H30,H90,H400"
K01 H00019,1,1586,H19
K01 H00020,1,300,H20
K01 H00021,1,373,H36
K01 H00024,5,1758,"H1,H2,H3,H11,H19"
K01 H00025,1,624,H19
K01 H00028,3,795,"H4,H5,H454"
K01 H00040,1,962,H12
K01 H00041,7,6781,"H1,H7,H39,H187,H219,H221,H390"
K01 A00030,1,377,H1
K01 A00047,2,987,"H5,H15"
M09-130617-4,2,1935,"H6,H11"
M09-170817-5,2,8724,"H6,H25"
K01-021117-7,5,9719,"H5,H7,H8,H14,H25"
K01-070917-7,2,8262,"H7,H14"
M14-141217-4,2,6602,"H33,H35"
M14-130617-2,2,6232,"H2,H4"
M14-130617-5,2,8518,"H2,H13"
K14-071217-4,3,8708,"H16,H20,H27"
K14-170717-1A-R,3,6774,"H3,H5,H20"
K14-030817-4,7,7862,"H5,H6,H13,H15,H35,H38,H101"
K14-060717-4,3,5910,"H12,H13,H20"
K14-021117-4,4,7705,"H11,H13,H38,H101"
K14-120617-4,7,6090,"H3,H11,H13,H38,H49,H51,H55"
K05-060717-2,3,4532,"H2,H10,H32"
M13-130717-9,1,11020,H16
M01-121017-6,1,11931,H9
M15-121017-5,4,8284,"H5,H10,H24,H31"
M15-130717-5,7,5055,"H3,H15,H19,H25,H46,H51,H104"
M15-130617-5,2,4338,"H3,H13"
S02-140617-2,3,10017,"H3,H18,H46"
S02-140617-3,1,11209,H43
M09-141217-3,6,7159,"H2,H5,H10,H14,H25,H28"
M09-141217-4,2,14559,"H9,H20"
S06-191017-5,1,3606,H14
M06-141217-4,1,7249,H45
M09-140917-1,1,10127,H36
S09-140617-1,3,17573,"H3,H6,H9"
S09-140617-3,3,10857,"H5,H7,H10"
S09-140617-5,1,9968,H7
S09-140617-6,1,13110,H6
S06-240817-5,1,12284,H52
M16-141217-5,2,12452,"H6,H39"
K13-060418-5,1,18863,H1
K09-080318-7,1,13071,H1
S01-250118-5,2,10619,"H1,H7"
S01-250118-7,1,17290,H1
K02-080318-5,4,6568,"H1,H3,H5,H49"
S05-220318-8,1,15039,H1
S07-220318-6,1,8408,H1
K04-080318-4,1,10145,H1
S06-220318-2,1,13930,H1
S06-220318-3,1,11589,H42
K14-060418-4,5,10743,"H5,H13,H27,H38,H65"
S04-190418-8,1,12113,H2
M05-120418-6,4,6349,"H5,H18,H63,H94"
M12-120718-5,3,5175,"H2,H4,H9"
S05-200717-2,4,6604,"H2,H4,H22,H127"
S05-200717-4,4,9889,"H2,H4,H22,H127"
S05-200717-5,2,8876,"H30,H35"
S05-140617-7,2,12718,"H7,H69"
S05-140617-8,1,14585,H35
S10-140617-4,1,12695,H18
K13-120617-4,1,14380,H12
K02-021117-5,5,10028,"H4,H5,H9,H19,H58"
S04-140617-8,2,6961,"H2,H32"
K12-050718-2,1,7634,H9
S05-190718-5,2,9909,"H8,H21"
M14-170817-2,5,3168,"H1,H6,H20,H22,H48"
S09-200717-2,1,7279,H7
K09-051017-8,1,2776,H3
M14-121017-2,5,10434,"H18,H22,H30,H32,H43"
M14-091117-3,10,4092,"H1,H2,H3,H4,H5,H6,H9,H11,H13,H20"
K09-030817-9,2,572,"H15,H59"
K09-070917-8,15,13195,"H1,H5,H8,H9,H11,H12,H15,H19,H20,H23,H24,H41,H49,H66,H242"
K09-021017-2-R,4,3900,"H1,H9,H16,H17"
K09-120617-1,14,6275,"H1,H2,H3,H4,H6,H9,H11,H19,H20,H34,H41,H90,H106,H386"
K09-120617-4,2,2040,"H1,H57"
K05-051017-5,1,26676,H18
K05-051017-6,2,18964,"H8,H13"
K05-030817-2,4,3723,"H2,H13,H35,H52"
K05-120617-4,5,6933,"H1,H9,H10,H13,H15"
K05-060717-1,8,4047,"H1,H2,H3,H5,H6,H7,H9,H13"
K11-120617-2,7,8628,"H1,H2,H3,H5,H6,H8,H11"
K11-051017-2,9,4501,"H6,H13,H14,H27,H28,H42,H47,H58,H183"
M13-170817-9,6,13706,"H1,H4,H6,H8,H16,H30"
M13-170817-2,3,2579,"H4,H52,H423"
M13-140917-7,3,2871,"H1,H3,H5"
M13-140917-1,15,24851,"H1,H2,H4,H5,H6,H9,H12,H18,H35,H40,H50,H56,H70,H187,H272"
M13-091117-7,2,5439,"H43,H63"
M13-121017-6,5,26998,"H2,H8,H12,H16,H130"
M13-231017-1-R,15,8008,"H1,H2,H6,H7,H11,H12,H14,H15,H16,H20,H21,H22,H28,H38,H44"
M13-130717-2,3,1667,"H1,H6,H10"
M13-130717-4,14,7979,"H1,H2,H5,H7,H10,H12,H17,H20,H21,H26,H28,H32,H50,H66"
M05-140917-5,4,2066,"H1,H2,H11,H17"
M05-170817-3,8,12511,"H5,H6,H7,H8,H9,H13,H64,H250"
M05-121017-1,18,11928,"H1,H2,H6,H7,H8,H10,H13,H14,H15,H21,H24,H28,H34,H35,H49,H61,H379,H385"
M05-121017-5,2,14745,"H11,H17"
M05-130617-3,6,3175,"H1,H12,H22,H37,H42,H67"
M01-280617-3-R,5,4434,"H1,H2,H5,H8,H12"
M01-121017-3,1,4852,H1
M01-140917-1,2,807,"H1,H8"
M01-140917-3,15,5972,"H1,H2,H7,H9,H10,H11,H13,H16,H18,H22,H28,H39,H43,H45,H77"
M01-130717-3,13,9181,"H1,H2,H4,H5,H10,H12,H14,H19,H33,H36,H40,H42,H51"
M01-130717-4,14,7556,"H1,H2,H6,H9,H10,H15,H16,H18,H20,H21,H28,H33,H36,H64"
M01-130717-5,7,3216,"H1,H2,H3,H4,H5,H6,H10"
M01-130717-7,1,3130,H1
M01-130617-6,13,7534,"H1,H8,H9,H12,H15,H18,H22,H23,H24,H40,H46,H70,H384"
M01-170817-1,2,843,"H4,H28"
M01-170817-5,9,10702,"H1,H2,H3,H6,H8,H11,H39,H44,H48"
M01-170817-7,4,5282,"H1,H12,H18,H31"
M15-091117-3,4,4898,"H1,H2,H42,H55"
M15-091117-5,1,2083,H4
M15-091117-6,12,6524,"H1,H2,H3,H5,H6,H7,H9,H11,H12,H14,H15,H20"
M15-121017-6,12,9854,"H1,H2,H3,H4,H5,H6,H7,H8,H9,H10,H12,H18"
M15-140917-3,12,6750,"H1,H2,H4,H5,H6,H7,H8,H9,H10,H12,H13,H20"
M15-140917-4,5,4338,"H8,H12,H18,H45,H277"
S02-200717-2,3,11644,"H7,H16,H46"
S02-200717-3,1,1715,H1
S02-200717-5,9,16356,"H2,H3,H4,H9,H10,H11,H15,H19,H215"
S02-161117-1,1,856,H40
S02-161117-4,5,3309,"H8,H11,H20,H24,H25"
S02-161117-7,2,5170,"H6,H24"
S02-240817-2,2,2594,"H6,H22"
S02-240817-4,13,10361,"H1,H2,H3,H5,H6,H7,H8,H9,H11,H12,H13,H20,H25"
S02-210917-5,5,4572,"H1,H2,H12,H28,H38"
S03-111017-1-R,9,9934,"H1,H2,H3,H5,H6,H9,H10,H19,H22"
S03-111017-3-R,5,4593,"H3,H8,H10,H17,H97"
S03-200717-1,16,8815,"H1,H2,H3,H4,H6,H7,H8,H9,H10,H12,H13,H14,H15,H19,H20,H34"
S03-240817-3,1,1604,H13
S03-210917-2,10,3789,"H1,H4,H7,H11,H15,H18,H20,H35,H39,H447"
S09-191017-1,11,10575,"H1,H2,H3,H4,H5,H6,H7,H8,H9,H12,H13"
S09-111017-1-R,1,8718,H14
S09-120717-5-R,1,314,H2
M09-091117-2,11,13780,"H1,H2,H3,H4,H5,H6,H9,H12,H14,H24,H43"
M09-091117-4,8,4748,"H1,H2,H3,H4,H9,H12,H13,H36"
M09-170817-1,1,468,H1
M09-170817-4,5,1976,"H1,H2,H3,H4,H9"
S06-210917-1,15,12495,"H1,H2,H3,H4,H5,H6,H9,H10,H12,H14,H15,H20,H25,H28,H59"
M09-121017-2,7,6445,"H6,H7,H9,H13,H18,H40,H46"
M09-121017-4,16,12057,"H1,H2,H3,H4,H5,H6,H7,H9,H10,H12,H13,H14,H16,H18,H22,H28"
M09-121017-5,2,2565,"H8,H10"
M06-170817-1,1,292,H11
M06-140917-1,4,1880,"H1,H7,H32,H39"
M06-140917-2,2,18693,"H13,H32"
M06-130717-1,1,14935,H7
M06-130717-2,10,13945,"H1,H2,H3,H4,H5,H6,H9,H16,H18,H24"
M06-130717-3,6,3490,"H1,H2,H5,H8,H31,H50"
M06-130717-4,14,28193,"H1,H2,H3,H4,H6,H8,H9,H10,H11,H12,H13,H45,H47,H50"
M06-121017-2,11,4853,"H1,H2,H3,H4,H5,H6,H8,H9,H11,H13,H22"
M06-091117-2,3,9283,"H3,H10,H39"
S09-200717-1,13,9579,"H1,H2,H6,H8,H9,H10,H15,H19,H20,H53,H58,H66,H397"
S09-200717-6,8,4605,"H1,H2,H3,H6,H11,H16,H22,H43"
M16-091117-2,10,5627,"H1,H2,H3,H4,H6,H8,H10,H11,H20,H36"
M16-091117-3,14,8405,"H1,H2,H8,H10,H12,H16,H18,H19,H38,H39,H53,H70,H101,H199"
M16-121017-4,8,3697,"H1,H2,H22,H24,H28,H34,H40,H66"
M16-121017-5,9,6227,"H1,H4,H6,H7,H12,H15,H24,H33,H56"
S07-191017-1,15,8131,"H1,H5,H8,H9,H11,H12,H13,H15,H16,H20,H40,H46,H50,H58,H81"
S07-240817-6,8,4417,"H2,H4,H5,H9,H15,H166,H222,H421"
S07-210917-2,7,5682,"H1,H15,H20,H22,H25,H54,H83"
S07-210917-3,5,2906,"H1,H6,H11,H24,H38"
S07-210917-4,3,2309,"H6,H19,H149"
S07-161117-1,1,320,H43
M07-130617-2,4,4309,"H3,H5,H11,H28"
M07-130717-3,5,12931,"H1,H7,H10,H17,H203"
M07-091117-2,6,3103,"H4,H5,H7,H14,H35,H371"
S12-200717-3,1,1078,H53
S12-191017-3,3,4726,"H1,H2,H11"
S04-211217-1,3,2683,"H1,H5,H18"
S04-211217-2,6,2074,"H1,H4,H7,H22,H50,H413"
S04-211217-3,6,3072,"H1,H19,H20,H27,H48,H358"
S04-211217-7,5,8452,"H1,H2,H9,H11,H43"
S12-211217-2,9,4800,"H1,H2,H4,H6,H8,H12,H23,H31,H80"
S12-211217-3,5,2393,"H7,H21,H45,H78,H84"
S12-211217-4,9,10074,"H1,H2,H19,H20,H28,H35,H53,H56,H197"
S11-211217-1,3,4006,"H28,H251,H298"
S11-211217-9,2,5079,"H1,H123"
S09-250118-1,3,2264,"H1,H3,H5"
S09-250118-5,1,1875,H10
S09-250118-8,2,2705,"H32,H231"
S09-250118-9,3,3321,"H35,H45,H78"
S01-211217-4,5,3035,"H1,H6,H14,H43,H78"
S01-211217-5,4,2473,"H3,H12,H15,H45"
S10-211217-3,2,834,"H1,H2"
S10-211217-5,1,415,H2
S07-211217-4,1,435,H1
S07-211217-5,3,2938,"H1,H6,H64"
S07-211217-6,5,4342,"H1,H26,H38,H49,H59"
S02-211217-2,14,12110,"H1,H2,H3,H4,H8,H13,H16,H19,H24,H27,H36,H138,H306,H320"
S03-140218-1-R,5,5873,"H4,H9,H16,H23,H248"
S04-310118-5-R,4,17962,"H1,H4,H14,H23"
S10-190318-2-R,6,1984,"H1,H7,H23,H25,H34,H35"
S10-210318-1-R,11,10647,"H1,H2,H3,H5,H6,H9,H10,H16,H19,H20,H33"
S04-070318-7-R,12,11055,"H1,H2,H5,H6,H9,H10,H12,H20,H24,H54,H159,H329"
K04-090218-3-R,16,15433,"H1,H2,H4,H9,H10,H11,H13,H15,H20,H23,H28,H46,H136,H217,H352,H381"
K14-220118-1-R,7,28377,"H1,H3,H5,H6,H18,H34,H36"
K05-060418-1,14,17781,"H1,H2,H5,H6,H9,H11,H15,H16,H17,H20,H24,H26,H91,H361"
K05-060418-3,15,8395,"H1,H2,H4,H6,H9,H11,H16,H18,H19,H20,H21,H24,H25,H28,H36"
K05-060418-4,14,5220,"H1,H2,H5,H6,H7,H8,H9,H16,H22,H23,H25,H40,H45,H52"
K11-060418-3,15,11092,"H1,H2,H3,H5,H6,H8,H9,H18,H20,H22,H35,H43,H307,H324,H356"
K10-080318-1,3,22715,"H1,H2,H5"
K10-080318-5,14,16158,"H2,H3,H4,H5,H10,H15,H18,H20,H24,H28,H39,H288,H345,H377"
K10-060418-2,8,15404,"H2,H5,H7,H9,H10,H11,H30,H62"
K14-080318-1,8,11991,"H1,H7,H8,H11,H24,H34,H35,H45"
K13-080318-1,4,2643,"H20,H25,H36,H39"
K13-060418-1,2,1340,"H3,H6"
K13-060418-3,4,2526,"H1,H4,H34,H66"
K05-080318-3,4,1260,"H1,H10,H11,H43"
K01-060418-2,3,1856,"H1,H10,H23"
K01-060418-4,1,5547,H1
K01-060418-5,3,18181,"H1,H5,H79"
K01-080318-5,12,23810,"H1,H2,H3,H4,H6,H8,H9,H12,H13,H15,H22,H28"
K03-080318-4,1,13189,H1
K07-060418-9,9,6036,"H1,H2,H6,H10,H43,H48,H57,H124,H442"
K02-060418-3,3,6610,"H1,H3,H16"
S03-220318-2,1,1303,H35
S03-220318-3,10,10447,"H1,H2,H6,H8,H10,H22,H24,H31,H38,H56"
K01-041217-6-R,2,13780,"H1,H91"
S09-220318-3,4,4430,"H13,H14,H21,H25"
S09-220318-4,7,9409,"H1,H2,H10,H12,H14,H26,H31"
S09-220318-6,1,546,H4
S09-220318-7,1,5800,H1
S04-220318-3,3,1267,"H1,H2,H5"
S04-220318-7,5,11513,"H1,H2,H18,H65,H392"
S01-220318-2,9,13055,"H1,H4,H11,H26,H43,H44,H54,H148,H328"
S01-220318-8,4,3188,"H1,H7,H9,H14"
S11-220318-1,3,39282,"H1,H18,H51"
S10-220318-3,3,6614,"H3,H12,H13"
S10-220318-4,3,4354,"H1,H3,H53"
S05-220318-1,1,930,H7
S05-220318-3,1,3661,H4
K12-080318-1,1,11290,H1
S10-250118-3,1,685,H1
S02-250118-1,1,534,H1
S07-250118-1,3,6102,"H6,H19,H40"
S07-250118-2,5,3772,"H1,H10,H13,H29,H36"
S07-250118-3,13,6693,"H1,H4,H7,H13,H16,H22,H27,H30,H39,H47,H78,H200,H265"
K10-110118-1,4,1183,"H1,H4,H13,H28"
K10-110118-5,2,825,"H2,H9"
M01-051217-7-R,6,2053,"H1,H2,H3,H5,H7,H13"
M06-090118-1-R,2,962,"H13,H30"
M01-051217-8-R,6,4043,"H1,H6,H7,H11,H30,H43"
S09-190418-6,12,9160,"H1,H2,H5,H6,H8,H9,H12,H19,H24,H25,H31,H34"
S09-190418-3,1,344,H1
S01-190418-5,5,4794,"H7,H19,H30,H36,H96"
S07-190418-1,1,663,H30
S07-190418-3,2,2003,"H18,H30"
S07-190418-5,4,6010,"H1,H8,H16,H30"
S10-190418-2,2,1471,"H1,H30"
S10-190418-5,4,2877,"H1,H4,H6,H30"
S10-190418-6,5,3205,"H1,H4,H6,H20,H30"
S13-190418-2,1,894,H30
S05-190418-3,5,14479,"H1,H6,H8,H16,H30"
S11-190418-5,7,4518,"H1,H5,H6,H8,H22,H28,H30"
S03-190418-3,2,1141,"H7,H30"
M01-100518-6,8,5142,"H1,H2,H5,H6,H8,H28,H30,H52"
M01-100518-4,3,2397,"H1,H7,H16"
M05-100518-1,8,3973,"H1,H2,H4,H5,H6,H9,H18,H47"
M09-100518-1,9,4722,"H1,H2,H4,H6,H14,H19,H32,H33,H36"
M09-100518-5,1,345,H2
M16-100518-3,4,2403,"H1,H9,H19,H30"
M16-100518-1,3,1398,"H1,H2,H30"
M16-100518-6,2,1552,"H1,H4"
M14-120418-5,3,2408,"H1,H3,H30"
M13-120418-1,2,939,"H2,H5"
M14-100518-1,5,1587,"H1,H6,H13,H15,H60"
M13-100518-12,8,5876,"H1,H3,H4,H5,H28,H30,H51,H388"
M15-120418-1,2,1983,"H8,H30"
M15-120418-2,5,1918,"H1,H2,H6,H8,H18"
M07-100518-3,2,688,"H1,H30"
M01-120418-3,4,1781,"H1,H2,H6,H16"
M06-120418-2,10,5035,"H1,H2,H4,H5,H9,H13,H18,H25,H30,H42"
M09-120418-4,8,4516,"H1,H2,H4,H5,H6,H7,H8,H18"
M15-100518-2,4,2915,"H3,H9,H15,H371"
M05-120418-2,6,3316,"H1,H3,H8,H10,H11,H13"
M01-120418-4,3,1394,"H1,H2,H10"
M06-120418-3,13,9818,"H1,H2,H3,H6,H7,H9,H11,H12,H14,H18,H28,H43,H54"
M13-120418-11,6,9830,"H1,H2,H3,H4,H136,H159"
M15-100518-4,12,7468,"H1,H3,H4,H6,H7,H8,H14,H15,H18,H38,H40,H51"
M12-100518-2,7,2765,"H1,H7,H14,H18,H28,H35,H83"
M14-100518-6,2,4031,"H6,H11"
M13-100518-4,4,5313,"H3,H6,H7,H12"
M16-120418-2,2,1749,"H3,H38"
M06-120418-4,12,20019,"H1,H2,H6,H9,H13,H20,H24,H27,H36,H189,H196,H323"
M13-120418-13,2,26771,"H1,H14"
M04-120418-1,5,14841,"H1,H7,H16,H22,H28"
M01-120418-6,3,6388,"H2,H4,H49"
M06-120418-5,3,6548,"H10,H30,H116"
M12-120418-5,1,8570,H2
M14-120418-1,12,19715,"H1,H2,H3,H5,H6,H19,H39,H40,H46,H54,H60,H66"
M01-120718-7,4,28529,"H3,H19,H24,H115"
M01-120718-8,1,63662,H3
M15-120718-4,6,21144,"H1,H3,H11,H25,H52,H58"
M05-120718-1,7,20351,"H2,H3,H8,H13,H25,H30,H49"
M13-120718-5,4,10656,"H1,H3,H4,H30"
M09-120718-5,5,43202,"H2,H3,H5,H15,H45"
M05-120718-4,2,55106,"H1,H3"
M05-120718-5,5,15494,"H3,H10,H22,H52,H56"
S04-210917-2,1,3261,H21
S04-200717-6,1,6241,H30
S01-291117-1-R,2,11885,"H13,H55"
K07-071217-10,6,17128,"H3,H12,H16,H20,H170,H275"
S01-140617-1,2,61267,"H2,H68"
S01-191017-2,1,28785,H12
S01-140617-3,2,5576,"H21,H100"
S01-140617-4,3,48598,"H2,H19,H23"
S01-210917-5,2,28507,"H10,H14"
S10-210618-5,12,9139,"H1,H2,H3,H5,H9,H11,H12,H18,H21,H28,H41,H58"
K01-070718-5-R,16,34676,"H1,H2,H4,H5,H7,H9,H10,H11,H12,H13,H16,H27,H47,H119,H158,H172"
S01-210618-11,3,2939,"H1,H3,H20"
K14-110618-1-R,4,5557,"H5,H20,H33,H56"
K05-250718-1-R,12,8295,"H1,H2,H3,H6,H9,H16,H18,H21,H31,H34,H35,H42"
K13-160418-1-R,3,1103,"H1,H18,H47"
K09-070618-1,10,11096,"H1,H2,H3,H5,H6,H7,H12,H16,H24,H35"
K11-070618-5,9,13673,"H1,H2,H12,H15,H18,H22,H54,H66,H380"
S10-210618-6,10,10865,"H1,H5,H9,H20,H39,H42,H73,H135,H138,H362"
K09-180618-2-R,7,13496,"H1,H2,H5,H14,H15,H33,H338"
S05-210618-8,13,11726,"H1,H2,H3,H4,H5,H6,H8,H9,H10,H12,H13,H14,H28"
K11-140518-3-R,1,73238,H1
K05-230518-3-R,9,15546,"H1,H2,H3,H4,H5,H6,H13,H15,H20"
K09-090718-2-R,16,43984,"H1,H2,H4,H5,H8,H9,H12,H14,H32,H33,H35,H40,H48,H59,H145,H156"
K01-250718-6-R,11,21117,"H1,H2,H3,H4,H5,H6,H8,H9,H12,H13,H20"
K11-070618-7,12,15899,"H1,H3,H10,H12,H21,H22,H37,H41,H44,H73,H108,H267"
K10-280518-5-R,8,12325,"H1,H2,H4,H8,H20,H45,H47,H54"
K05-280618-1-R,6,21626,"H2,H4,H5,H7,H10,H13"
M14-160618-5-R,2,6754,"H1,H5"
K14-180618-5-R,4,33808,"H1,H2,H5,H18"
K10-120418-3-R,1,89550,H5
K07-290618-10-R,12,12320,"H1,H2,H3,H8,H9,H13,H15,H17,H19,H20,H36,H80"
K09-070618-2,10,13524,"H1,H2,H3,H7,H9,H10,H19,H35,H53,H309"
K09-070618-8,3,12082,"H4,H14,H117"
K12-110718-2-R,4,34737,"H1,H2,H4,H9"
K02-050718-4,18,42661,"H5,H6,H7,H11,H12,H13,H17,H20,H21,H28,H37,H45,H46,H70,H80,H82,H94,H201"
K02-070618-4,15,24087,"H1,H2,H4,H5,H7,H9,H11,H12,H15,H16,H19,H25,H34,H35,H79"
K14-070618-1,6,29599,"H1,H13,H15,H18,H21,H102"
K02-040518-4,9,16537,"H1,H2,H3,H6,H9,H10,H11,H14,H22"
S07-190718-3,14,20249,"H1,H3,H6,H8,H10,H11,H12,H13,H16,H20,H23,H49,H52,H221"
S01-190718-8,10,14492,"H1,H2,H3,H4,H6,H8,H14,H15,H24,H38"
K07-040518-8,8,25056,"H1,H2,H3,H5,H6,H10,H11,H28"
S13-190718-2,13,33931,"H1,H2,H3,H5,H6,H8,H9,H10,H14,H21,H26,H39,H53"
K05-070618-5,13,25668,"H1,H2,H4,H6,H7,H8,H10,H12,H13,H18,H23,H28,H66"
K05-070618-6,8,36358,"H1,H3,H4,H8,H9,H13,H20,H38"
K14-040518-1,12,10464,"H1,H2,H3,H4,H5,H6,H7,H9,H13,H14,H15,H34"
K03-040518-2,14,24703,"H1,H2,H3,H4,H5,H9,H12,H14,H20,H22,H31,H32,H51,H286"
S06-190718-1,2,12760,"H1,H83"
S04-210618-8,12,8201,"H1,H2,H3,H5,H6,H7,H8,H9,H10,H16,H34,H48"
K03-040518-4,1,2775,H9
S06-190718-2,7,37334,"H1,H5,H8,H18,H31,H45,H188"
K10-040518-5,3,19374,"H1,H10,H207"
K13-040518-3,4,11724,"H1,H3,H4,H151"
K01-030817-2-R,9,17563,"H1,H2,H5,H8,H15,H25,H46,H49,H147"
K01-030817-6,12,15867,"H1,H4,H5,H6,H8,H11,H13,H14,H15,H24,H81,H365"
K01-090817-1-R,9,19622,"H1,H2,H3,H4,H5,H6,H9,H10,H13"
K01-060717-2,1,2897,H2
K01-060717-6,13,18976,"H1,H2,H3,H5,H6,H7,H8,H9,H10,H12,H13,H14,H18"
K01-051017-7,3,23218,"H7,H23,H25"
M14-130617-6,3,4550,"H2,H20,H32"
K14-120617-1,15,12217,"H1,H2,H3,H5,H6,H7,H9,H10,H11,H16,H35,H44,H52,H54,H61"
K05-071217-5,5,1697,"H2,H3,H15,H18,H32"
K05-021117-3,10,3968,"H2,H4,H6,H18,H27,H49,H53,H249,H270,H417"
K05-021117-5,10,23340,"H1,H2,H5,H6,H7,H9,H18,H19,H20,H48"
K05-130717-6,3,40039,"H11,H14,H55"
K11-060717-1,7,14492,"H1,H3,H8,H11,H15,H31,H40"
K11-060717-2,14,31311,"H1,H2,H4,H5,H8,H9,H10,H13,H28,H38,H46,H53,H126,H261"
K11-021117-2,14,13676,"H1,H2,H5,H6,H8,H16,H21,H25,H30,H33,H52,H61,H62,H336"
M13-140917-14,14,14016,"H1,H2,H4,H5,H6,H7,H9,H10,H15,H16,H25,H32,H35,H83"
M13-140917-6,16,12379,"H1,H2,H4,H6,H18,H20,H23,H24,H25,H39,H40,H55,H58,H63,H78,H407"
M13-121017-5,12,12155,"H1,H2,H3,H4,H7,H9,H10,H12,H14,H24,H44,H124"
M13-130717-6,3,1548,"H1,H9,H10"
M13-130717-7,1,29104,H7
M13-130717-8,2,6831,"H2,H7"
M05-130617-5,8,23536,"H1,H6,H7,H11,H16,H20,H32,H50"
M05-130717-5,9,12722,"H1,H7,H9,H11,H17,H20,H43,H62,H322"
M05-141217-1,8,7128,"H1,H2,H5,H10,H12,H16,H22,H46"
M05-141217-2,14,14664,"H1,H2,H3,H4,H5,H7,H9,H15,H33,H34,H40,H70,H305,H319"
M05-141217-5,1,32038,H27
M05-121017-2,11,14218,"H1,H7,H9,H16,H19,H23,H25,H42,H60,H140,H273"
M15-091117-2,2,34330,"H8,H11"
M15-091117-4,2,10386,"H43,H57"
M15-141217-2,2,7610,"H2,H9"
M15-141217-1,10,19573,"H1,H2,H5,H8,H13,H14,H18,H19,H22,H43"
M15-130717-3,6,38906,"H1,H5,H11,H13,H42,H157"
M15-170817-1,8,8351,"H1,H6,H8,H21,H27,H43,H63,H422"
M15-170817-3,1,41693,H27
M15-130617-1,3,6134,"H1,H10,H239"
M15-130617-2,7,8588,"H1,H3,H4,H7,H46,H132,H268"
M15-130617-3,3,56784,"H1,H5,H6"
M15-130617-4,9,37364,"H1,H2,H6,H10,H13,H15,H29,H36,H55"
S02-140617-4,11,19979,"H1,H2,H7,H9,H11,H13,H15,H18,H20,H53,H181"
S03-140617-4,10,18189,"H1,H2,H5,H6,H8,H26,H42,H47,H218,H247"
S06-200717-2,14,10302,"H1,H2,H4,H5,H7,H8,H9,H10,H14,H21,H29,H37,H41,H48"
S06-200717-3,1,76106,H17
S06-200717-5,8,5302,"H3,H5,H10,H11,H15,H34,H37,H85"
S06-200717-6,2,21532,"H11,H17"
S06-210917-3,2,9302,"H17,H57"
S06-210917-6,1,7686,H13
M09-141217-2,13,6826,"H1,H2,H3,H10,H21,H22,H59,H67,H71,H100,H347,H373,H456"
M09-141217-5,3,42633,"H1,H2,H10"
S01-240817-8,1,287,H20
S08-210917-1,1,373,H3
S10-200717-3,1,338,H2
M04-091117-1,3,1248,"H6,H7,H45"
S08-161117-7,2,972,"H1,H21"
M03-170817-3,1,1821,H1
K02-070917-4,1,361,H3
S08-200717-2,2,630,"H1,H46"
K02-120617-3,3,1114,"H9,H11,H49"
S11-140617-5,1,1187,H11
S11-140617-8,1,1744,H32
M12-130617-1,1,411,H262
M12-160617-1-R,1,288,H1
M12-130717-2,1,257,H12
M12-130717-5,1,709,H34
M12-170817-1,2,4526,"H2,H19"
K02-071217-8,2,769,"H22,H23"
M15-150318-2,2,4055,"H8,H15"
M06-150318-4,2,717,"H3,H14"
K04-010218-2,1,1151,H58
K04-010218-3,3,2751,"H3,H23,H58"
S07-150218-1,1,570,H1
K13-010218-1,1,307,H7
M05-150318-1,1,427,H47
K07-010218-6,1,257,H13
M13-180118-1,1,723,H25
K14-110118-2,2,919,"H1,H3"
M06-180118-3,1,547,H40
M05-180118-1,1,925,H47
K13-110118-2,1,1290,H1
M14-180118-6,3,1862,"H1,H5,H39"
M01-180118-1,1,644,H1
K03-110118-1,1,3551,H1
K07-110118-6,1,648,H1
K09-050718-7,1,615,H6
S04-290618-7-R,1,269,H39
S01-170518-5,1,887,H6
S08-170518-7,1,472,H50
S06-210618-3,1,411,H1
K14-070618-4,2,1810,"H13,H101"
M05-180118-5,1,323,H3
S04-240817-3,1,290,H1
M13-140618-2,1,361,H1
S04-191017-6,2,1530,"H3,H36"
S01-240817-7,2,726,"H1,H2"
M04-160418-3-R,1,460,H1
M15-140618-1,1,321,H4
M06-030518-2-R,1,272,H1
M03-260618-2-R,1,698,H1
M01-100418-3-R,1,414,H1
M05-140618-5,3,1101,"H1,H3,H4"
M16-140618-6,1,483,H1
M04-300418-3-R,2,680,"H1,H15"
M14-270418-6-R,2,872,"H3,H8"
M09-230718-3-R,3,2872,"H2,H4,H8"
K05-050718-6,1,657,H6
S03-170518-2,4,3751,"H2,H7,H16,H19"
S02-170518-2,1,450,H2
S08-170518-2,1,1623,H1
S10-170518-3,2,1080,"H2,H7"
S02-170518-3,1,296,H7
S10-170518-4,1,339,H2
S11-170518-7,1,2777,H4
S07-170518-1,1,368,H16
S04-170518-8,2,1205,"H2,H34"
S04-230518-4-R,1,513,H1
S06-210618-2,1,506,H1
K11-070618-1,1,489,H1
S11-210618-5,1,358,H60
S05-210618-2,1,334,H5
S02-210618-2,2,1602,"H1,H12"
K03-090618-1-R,1,1817,H5
S05-210618-3,1,1110,H3
S06-210618-5,3,4063,"H1,H2,H31"
S10-210618-4,3,987,"H8,H24,H39"
K01-210518-2-R,3,2889,"H2,H5,H33"
M09-130717-4,2,1416,"H8,H12"
S09-140617-2,1,385,H16
S09-140617-8,3,1483,"H8,H68,H121"
S07-140617-2,1,283,H4
K11-080318-2,1,1527,H1
K05-080318-2,1,251,H1
K01-080318-2,1,776,H1
S01-250118-2,1,1028,H1
S06-220318-6,1,356,H5
S08-190418-8,1,996,H34
M05-100518-4,1,352,H41
M05-100518-6,1,627,H12
M05-120718-6,2,607,"H9,H30"
M14-180118-2,1,770,H24
S01-161117-5,2,1672,"H7,H12"
K13-120617-3,1,338,H12
K12-120617-2,1,1113,H39
K12-070917-2,1,567,H40
M05-080218-6,1,271,H13
K02-030817-5,2,2438,"H3,H5"
S08-140617-7,1,2484,H10
S10-140617-1,2,778,"H4,H14"
K02-010218-7,1,796,H23
S04-140617-5,1,409,H11
K01-100318-7-R,1,311,H23
K02-071217-9,1,5069,H22
S01-150218-5,1,7941,H6
S06-150218-3,1,327,H9
S06-150218-6,1,510,H5
K02-110118-5,3,2310,"H3,H9,H28"
K14-110118-4,3,3865,"H11,H13,H20"
S04-140617-3,2,1902,"H2,H50"
S04-140617-6,3,8604,"H2,H3,H15"
S04-240817-7,3,2270,"H1,H2,H52"
K03-050718-4,3,2673,"H2,H6,H31"
K13-050718-3,2,7184,"H6,H21"
S05-170518-5,2,2792,"H8,H21"
M09-130617-3,2,1326,"H7,H45"
S01-191017-5,1,1654,H7
K01 H00026,4,2553,"H4,H7,H8,H21"
K01 H00027,1,314,H60
